Topic,Group
Above and beyond,Proactivity
Account access,Organizational account management
Account cancellation,Organizational account management
Active listening,Empathy
Appropriate tone,Communication
Audit and monitoring,Security and compliance
Billing clarity,Billing and payments
Charges,Billing and payments
Clarity of information,Communication
Communication frequency,Communication
Compliance,Security and compliance
Consistency,Service quality
Courtesy,Communication
Custom solutions,Proactivity
Customer service,Service quality
Data exporting,Data analysis
Data privacy,Security and compliance
Delivery timeliness,Order and delivery management
Discounts,Billing and payments
Documentation clarity,Documentation
Domain specific expertise,Expertise
E-commerce site usability,E-commerce
Effectiveness,Service quality
Emotional intelligence,Empathy
Ethical conduct,Professionalism
Feature demo,Sales
Fitness center,Custom
Fulfillment,Order and delivery management
General communication,Communication
General professionalism,Professionalism
Helpfulness,Service quality
Honesty and integrity,Communication
Industry expertise,Expertise
Invoice accuracy,Billing and payments
Knowledgeable,Expertise
Multilingual support,Communication
Online shopping experience,E-commerce
Order confirmation,E-commerce
Organization account verification,Organizational account management
Password recovery,User account management
Payment,Billing and payments
Peak times,Operations
Phone support,Customer support
Price,Billing and payments
Product availability,Product
Product design,Product
Product documentation,Product
Product inquiries,Product
Product issue,Product
Product performance,Product
Product repair,Product
Product return,Product
Product setup,Product
Product usage,Product
Profile access,User account management
Purchase transaction,Sales
Refund process,Billing and payments
Repair process,Service experience
Security,Security and compliance
Setup and installation guides,Documentation
Size and fit,Product
Technical documentation,Documentation
Technical support,Service quality
Thoroughness,Service quality
Training materials,Documentation
Trial,Product
Two-factor authentication,User account management
Usability,Product
User experience,Product
UX/UI,Product
Wait time,Customer support
